violation_id,vehicle_number,driver_id,violation_type,fine_amount,camera_id,location,latitude,longitude,speed_detected,speed_limit,timestamp,evidence_image,status
VIO-20260915-0F6AAA,TN-07-AB-1234,DRV-1001,RED_SIGNAL,1000.0,CAM-CHN-01,Anna Salai Junction,13.0522,80.2503,64.0,50.0,2026-09-15 20:57:56,C:\Users\HEMAVARSHINI S\.gemini\antigravity\scratch\traffic_violation_system\evidence\violation_VIO-20260915-0F6AAA.txt,CHALLAN_ISSUED
VIO-20260915-39AD65,TN-07-AB-1234,DRV-1001,OVER_SPEEDING,2000.0,CAM-CHN-01,Anna Salai Junction,13.0522,80.2503,64.0,50.0,2026-09-15 20:57:56,C:\Users\HEMAVARSHINI S\.gemini\antigravity\scratch\traffic_violation_system\evidence\violation_VIO-20260915-39AD65.txt,RECORDED
VIO-20260915-ECE680,TN-07-AB-1234,DRV-1001,RED_SIGNAL,1000.0,CAM-CHN-01,Anna Salai - Gemini Flyover,13.0522,80.2503,45.0,50.0,2026-09-15 20:51:53,C:\Users\HEMAVARSHINI S\.gemini\antigravity\scratch\traffic_violation_system\evidence\violation_VIO-20260915-ECE680.txt,RECORDED
VIO-20260915-23FF62,KA-01-EF-9012,DRV-1003,OVER_SPEEDING,3000.0,CAM-CHN-01,Anna Salai - Gemini Flyover,13.0522,80.2503,85.0,50.0,2026-09-15 20:51:53,C:\Users\HEMAVARSHINI S\.gemini\antigravity\scratch\traffic_violation_system\evidence\violation_VIO-20260915-23FF62.txt,RECORDED
VIO-20260915-339A0E,GJ-01-GH-3456,DRV-1004,WRONG_SIDE,1500.0,CAM-CHN-01,Anna Salai - Gemini Flyover,13.0522,80.2503,35.0,50.0,2026-09-15 20:51:53,C:\Users\HEMAVARSHINI S\.gemini\antigravity\scratch\traffic_violation_system\evidence\violation_VIO-20260915-339A0E.txt,RECORDED
VIO-20260915-761F27,TN-09-CD-5678,DRV-1002,NO_HELMET,1000.0,CAM-CHN-01,Anna Salai - Gemini Flyover,13.0522,80.2503,38.0,50.0,2026-09-15 20:51:53,C:\Users\HEMAVARSHINI S\.gemini\antigravity\scratch\traffic_violation_system\evidence\violation_VIO-20260915-761F27.txt,RECORDED
VIO-20260915-EF7605,TN-07-AB-1234,DRV-1001,NO_SEATBELT,1000.0,CAM-CHN-01,Anna Salai - Gemini Flyover,13.0522,80.2503,42.0,50.0,2026-09-15 20:51:53,C:\Users\HEMAVARSHINI S\.gemini\antigravity\scratch\traffic_violation_system\evidence\violation_VIO-20260915-EF7605.txt,RECORDED
VIO-20260915-11BC82,TN-22-JK-7890,DRV-1005,ILLEGAL_PARKING,500.0,CAM-CHN-05,Panagal Park Commercial Zone,13.0405,80.2337,0.0,50.0,2026-09-15 20:51:53,C:\Users\HEMAVARSHINI S\.gemini\antigravity\scratch\traffic_violation_system\evidence\violation_VIO-20260915-11BC82.txt,RECORDED
VIO-20260915-E48CD5,TN-07-AB-1234,DRV-1001,OVER_SPEEDING,2000.0,CAM-CHN-01,Anna Salai - Gemini Flyover Junction,13.0522,80.2503,52.0,50.0,2026-09-15 20:51:53,C:\Users\HEMAVARSHINI S\.gemini\antigravity\scratch\traffic_violation_system\evidence\violation_VIO-20260915-E48CD5.txt,RECORDED
